[
  {
    "name": "Adekunle Ajasin University",
    "alpha_two_code": "NG",
    "country": "Nigeria",
    "web_pages": [
      "http://www.aaua.edu.ng/"
    ],
    "state-province": null,
    "domains": [
      "aaua.edu.ng"
    ]
  },
  {
    "name": "Ambrose Alli University",
    "alpha_two_code": "NG",
    "country": "Nigeria",
    "web_pages": [
      "http://www.aauekpoma.edu.ng/"
    ],
    "state-province": null,
    "domains": [
      "aauekpoma.edu.ng"
    ]
  },
  {
    "name": "Abia State Polytechnic",
    "alpha_two_code": "NG",
    "country": "Nigeria",
    "web_pages": [
      "http://www.abiapoly.edu.ng/"
    ],
    "state-province": null,
    "domains": [
      "abiapoly.edu.ng"
    ]
  },
  {
    "name": "Abia State University",
    "alpha_two_code": "NG",
    "country": "Nigeria",
    "web_pages": [
      "http://www.absu.edu.ng/"
    ],
    "state-province": null,
    "domains": [
      "absu.edu.ng"
    ]
  },
  {
    "name": "Afe Babalola University",
    "alpha_two_code": "NG",
    "country": "Nigeria",
    "web_pages": [
      "http://www.abuad.edu.ng/"
    ],
    "state-province": null,
    "domains": [
      "abuad.edu.ng"
    ]
  },
  {
    "name": "Ahmadu Bello University",
    "alpha_two_code": "NG",
    "country": "Nigeria",
    "web_pages": [
      "http://www.abu.edu.ng/"
    ],
    "state-province": null,
    "domains": [
      "abu.edu.ng"
    ]
  },
  {
    "name": "Adeyemi College of Education",
    "alpha_two_code": "NG",
    "country": "Nigeria",
    "web_pages": [
      "http://www.aceondo-ng.com/"
    ],
    "state-province": null,
    "domains": [
      "aceondo-ng.com"
    ]
  },
  {
    "name": "The Achievers University",
    "alpha_two_code": "NG",
    "country": "Nigeria",
    "web_pages": [
      "http://www.achievers.edu.ng/"
    ],
    "state-province": null,
    "domains": [
      "achievers.edu.ng"
    ]
  },
  {
    "name": "Ajayi Crowther University",
    "alpha_two_code": "NG",
    "country": "Nigeria",
    "web_pages": [
      "http://www.acu.edu.ng/"
    ],
    "state-province": null,
    "domains": [
      "acu.edu.ng"
    ]
  },
  {
    "name": "Adeleke University",
    "alpha_two_code": "NG",
    "country": "Nigeria",
    "web_pages": [
      "http://www.adelekeuniversity.edu.ng/"
    ],
    "state-province": null,
    "domains": [
      "adelekeuniversity.edu.ng"
    ]
  },
  {
    "name": "Adamawa State University",
    "alpha_two_code": "NG",
    "country": "Nigeria",
    "web_pages": [
      "http://www.adsu.edu.ng/"
    ],
    "state-province": null,
    "domains": [
      "adsu.edu.ng"
    ]
  },
  {
    "name": "Akwa Ibom State University of Technology",
    "alpha_two_code": "NG",
    "country": "Nigeria",
    "web_pages": [
      "http://www.akutech.edu.ng/"
    ],
    "state-province": null,
    "domains": [
      "akutech.edu.ng"
    ]
  },
  {
    "name": "Al-hikmah University",
    "alpha_two_code": "NG",
    "country": "Nigeria",
    "web_pages": [
      "http://www.alhikmah.edu.ng/"
    ],
    "state-province": null,
    "domains": [
      "alhikmah.edu.ng"
    ]
  },
  {
    "name": "Anambra State University of Science and Technology",
    "alpha_two_code": "NG",
    "country": "Nigeria",
    "web_pages": [
      "http://www.ansu.edu.ng/"
    ],
    "state-province": null,
    "domains": [
      "ansu.edu.ng"
    ]
  },
  {
    "name": "Abubakar Tafawa Balewa University",
    "alpha_two_code": "NG",
    "country": "Nigeria",
    "web_pages": [
      "http://www.atbu.edu.ng/"
    ],
    "state-province": null,
    "domains": [
      "atbu.edu.ng"
    ]
  },
  {
    "name": "Auchi Polytechnic",
    "alpha_two_code": "NG",
    "country": "Nigeria",
    "web_pages": [
      "http://www.auchipoly.edu.ng/"
    ],
    "state-province": null,
    "domains": [
      "auchipoly.edu.ng"
    ]
  },
  {
    "name": "ABTI American University of Nigeria",
    "alpha_two_code": "NG",
    "country": "Nigeria",
    "web_pages": [
      "http://www.aun.edu.ng/"
    ],
    "state-province": null,
    "domains": [
      "aun.edu.ng"
    ]
  },
  {
    "name": "African University of Science and Technology",
    "alpha_two_code": "NG",
    "country": "Nigeria",
    "web_pages": [
      "http://www.aust-abuja.org/"
    ],
    "state-province": null,
    "domains": [
      "aust-abuja.org"
    ]
  },
  {
    "name": "Babcock University",
    "alpha_two_code": "NG",
    "country": "Nigeria",
    "web_pages": [
      "http://www.babcockuni.edu.ng/"
    ],
    "state-province": null,
    "domains": [
      "babcockuni.edu.ng"
    ]
  },
  {
    "name": "Bauchi State University, Gadau",
    "alpha_two_code": "NG",
    "country": "Nigeria",
    "web_pages": [
      "http://www.basug.edu.ng/"
    ],
    "state-province": null,
    "domains": [
      "basug.edu.ng"
    ]
  },
  {
    "name": "Baze University Abuja",
    "alpha_two_code": "NG",
    "country": "Nigeria",
    "web_pages": [
      "http://www.bazeuniversity.edu.ng"
    ],
    "state-province": null,
    "domains": [
      "bazeuniversity.edu.ng"
    ]
  },
  {
    "name": "Bells University of Technology",
    "alpha_two_code": "NG",
    "country": "Nigeria",
    "web_pages": [
      "http://www.bellsuniversity.org/"
    ],
    "state-province": null,
    "domains": [
      "bellsuniversity.org"
    ]
  },
  {
    "name": "Bingham University",
    "alpha_two_code": "NG",
    "country": "Nigeria",
    "web_pages": [
      "http://www.binghamuni.edu.ng/"
    ],
    "state-province": null,
    "domains": [
      "binghamuni.edu.ng"
    ]
  },
  {
    "name": "Benson Idahosa University",
    "alpha_two_code": "NG",
    "country": "Nigeria",
    "web_pages": [
      "http://www.biu.edu.ng/"
    ],
    "state-province": null,
    "domains": [
      "biu.edu.ng"
    ]
  },
  {
    "name": "Bowen University",
    "alpha_two_code": "NG",
    "country": "Nigeria",
    "web_pages": [
      "http://bowenuniversity-edu.org/"
    ],
    "state-province": null,
    "domains": [
      "bowenuniversity-edu.org"
    ]
  },
  {
    "name": "Benue State University",
    "alpha_two_code": "NG",
    "country": "Nigeria",
    "web_pages": [
      "http://www.bsum.edu.ng/"
    ],
    "state-province": null,
    "domains": [
      "bsum.edu.ng"
    ]
  },
  {
    "name": "Bayero University Kano",
    "alpha_two_code": "NG",
    "country": "Nigeria",
    "web_pages": [
      "http://www.buk.edu.ng/"
    ],
    "state-province": null,
    "domains": [
      "buk.edu.ng"
    ]
  },
  {
    "name": "Caleb University",
    "alpha_two_code": "NG",
    "country": "Nigeria",
    "web_pages": [
      "http://www.calebuniversity.edu.ng/"
    ],
    "state-province": null,
    "domains": [
      "calebuniversity.edu.ng"
    ]
  },
  {
    "name": "Caritas University",
    "alpha_two_code": "NG",
    "country": "Nigeria",
    "web_pages": [
      "http://www.caritasuni.edu.ng/"
    ],
    "state-province": null,
    "domains": [
      "caritasuni.edu.ng"
    ]
  },
  {
    "name": "College of Education Ikere",
    "alpha_two_code": "NG",
    "country": "Nigeria",
    "web_pages": [
      "http://www.coeikere.edu.ng/"
    ],
    "state-province": null,
    "domains": [
      "coeikere.edu.ng"
    ]
  },
  {
    "name": "College of Education Oju",
    "alpha_two_code": "NG",
    "country": "Nigeria",
    "web_pages": [
      "http://www.coeoju.com/"
    ],
    "state-province": null,
    "domains": [
      "coeoju.com"
    ]
  },
  {
    "name": "Covenant University",
    "alpha_two_code": "NG",
    "country": "Nigeria",
    "web_pages": [
      "http://www.covenantuniversity.edu.ng/"
    ],
    "state-province": null,
    "domains": [
      "covenantuniversity.edu.ng"
    ]
  },
  {
    "name": "Crawford University",
    "alpha_two_code": "NG",
    "country": "Nigeria",
    "web_pages": [
      "http://www.crawforduniversity.edu.ng/"
    ],
    "state-province": null,
    "domains": [
      "crawforduniversity.edu.ng"
    ]
  },
  {
    "name": "Crescent University",
    "alpha_two_code": "NG",
    "country": "Nigeria",
    "web_pages": [
      "http://www.crescent-university.edu.ng/"
    ],
    "state-province": null,
    "domains": [
      "crescent-university.edu.ng"
    ]
  },
  {
    "name": "Cross River University of Science and Technology",
    "alpha_two_code": "NG",
    "country": "Nigeria",
    "web_pages": [
      "http://www.crutech.edu.ng/"
    ],
    "state-province": null,
    "domains": [
      "crutech.edu.ng"
    ]
  },
  {
    "name": "Ebonyi State University",
    "alpha_two_code": "NG",
    "country": "Nigeria",
    "web_pages": [
      "http://www.ebsu-edu.net/"
    ],
    "state-province": null,
    "domains": [
      "ebsu-edu.net"
    ]
  },
  {
    "name": "Ekiti State University",
    "alpha_two_code": "NG",
    "country": "Nigeria",
    "web_pages": [
      "http://www.eksu.edu.ng/"
    ],
    "state-province": null,
    "domains": [
      "eksu.edu.ng"
    ]
  },
  {
    "name": "Enugu State University of Science and Technology",
    "alpha_two_code": "NG",
    "country": "Nigeria",
    "web_pages": [
      "http://www.esut.edu.ng/"
    ],
    "state-province": null,
    "domains": [
      "esut.edu.ng"
    ]
  },
  {
    "name": "Federal College Of Education (Technical), Akoka",
    "alpha_two_code": "NG",
    "country": "Nigeria",
    "web_pages": [
      "http://www.fcetakoka-edu.net/"
    ],
    "state-province": null,
    "domains": [
      "fcetakoka-edu.net"
    ]
  },
  {
    "name": "The Federal Polytechnic Offa",
    "alpha_two_code": "NG",
    "country": "Nigeria",
    "web_pages": [
      "http://www.fedpoffa.edu.ng/"
    ],
    "state-province": null,
    "domains": [
      "fedpoffa.edu.ng"
    ]
  },
  {
    "name": "Fountain University",
    "alpha_two_code": "NG",
    "country": "Nigeria",
    "web_pages": [
      "http://www.fountainuniversity.edu.ng/"
    ],
    "state-province": null,
    "domains": [
      "fountainuniversity.edu.ng"
    ]
  },
  {
    "name": "Federal University of Petroleum Resources",
    "alpha_two_code": "NG",
    "country": "Nigeria",
    "web_pages": [
      "http://www.fupre.edu.ng/"
    ],
    "state-province": null,
    "domains": [
      "fupre.edu.ng"
    ]
  },
  {
    "name": "Federal University of Technology, Akure",
    "alpha_two_code": "NG",
    "country": "Nigeria",
    "web_pages": [
      "http://www.futa.edu.ng/"
    ],
    "state-province": null,
    "domains": [
      "futa.edu.ng"
    ]
  },
  {
    "name": "Federal University of Technology, Minna",
    "alpha_two_code": "NG",
    "country": "Nigeria",
    "web_pages": [
      "http://www.futminna.edu.ng/"
    ],
    "state-province": null,
    "domains": [
      "futminna.edu.ng"
    ]
  },
  {
    "name": "Federal University of Technology, Owerri",
    "alpha_two_code": "NG",
    "country": "Nigeria",
    "web_pages": [
      "http://www.futo.edu.ng/"
    ],
    "state-province": null,
    "domains": [
      "futo.edu.ng"
    ]
  },
  {
    "name": "Federal University of Technology, Yola",
    "alpha_two_code": "NG",
    "country": "Nigeria",
    "web_pages": [
      "http://www.futy.edu.ng/"
    ],
    "state-province": null,
    "domains": [
      "futy.edu.ng"
    ]
  },
  {
    "name": "Godfrey Okoye University",
    "alpha_two_code": "NG",
    "country": "Nigeria",
    "web_pages": [
      "http://www.gouni.edu.ng/"
    ],
    "state-province": null,
    "domains": [
      "gouni.edu.ng"
    ]
  },
  {
    "name": "Gombe State University",
    "alpha_two_code": "NG",
    "country": "Nigeria",
    "web_pages": [
      "http://www.gsu.edu.ng/"
    ],
    "state-province": null,
    "domains": [
      "gsu.edu.ng"
    ]
  },
  {
    "name": "Ibrahim Babangida University",
    "alpha_two_code": "NG",
    "country": "Nigeria",
    "web_pages": [
      "http://www.ibbu.edu.ng/"
    ],
    "state-province": null,
    "domains": [
      "ibbu.edu.ng"
    ]
  },
  {
    "name": "Imo State University",
    "alpha_two_code": "NG",
    "country": "Nigeria",
    "web_pages": [
      "http://www.imsu.edu.ng/"
    ],
    "state-province": null,
    "domains": [
      "imsu.edu.ng"
    ]
  },
  {
    "name": "Igbinedion University",
    "alpha_two_code": "NG",
    "country": "Nigeria",
    "web_pages": [
      "http://www.iuokada.edu.ng/"
    ],
    "state-province": null,
    "domains": [
      "iuokada.edu.ng"
    ]
  },
  {
    "name": "Joseph Ayo Babalola University",
    "alpha_two_code": "NG",
    "country": "Nigeria",
    "web_pages": [
      "http://www.jabu.edu.ng/"
    ],
    "state-province": null,
    "domains": [
      "jabu.edu.ng"
    ]
  },
  {
    "name": "Kaduna State University",
    "alpha_two_code": "NG",
    "country": "Nigeria",
    "web_pages": [
      "http://www.kasuportal.net/"
    ],
    "state-province": null,
    "domains": [
      "kasuportal.net"
    ]
  },
  {
    "name": "Kogi State University",
    "alpha_two_code": "NG",
    "country": "Nigeria",
    "web_pages": [
      "http://www.ksuportal.edu.ng/"
    ],
    "state-province": null,
    "domains": [
      "ksuportal.edu.ng"
    ]
  },
  {
    "name": "Kebbi State University of Science and Technology",
    "alpha_two_code": "NG",
    "country": "Nigeria",
    "web_pages": [
      "http://www.ksusta.edu.ng/"
    ],
    "state-province": null,
    "domains": [
      "ksusta.edu.ng"
    ]
  },
  {
    "name": "Katsina University",
    "alpha_two_code": "NG",
    "country": "Nigeria",
    "web_pages": [
      "http://www.kuk.edu.ng/"
    ],
    "state-province": null,
    "domains": [
      "kuk.edu.ng"
    ]
  },
  {
    "name": "Kano State University of Technology Wudil",
    "alpha_two_code": "NG",
    "country": "Nigeria",
    "web_pages": [
      "http://www.kustwudil.edu.ng/"
    ],
    "state-province": null,
    "domains": [
      "kustwudil.edu.ng"
    ]
  },
  {
    "name": "Kwara State Polytecnic",
    "alpha_two_code": "NG",
    "country": "Nigeria",
    "web_pages": [
      "http://www.kwarapoly.edu.ng/"
    ],
    "state-province": null,
    "domains": [
      "kwarapoly.edu.ng"
    ]
  },
  {
    "name": "Kwararafa University",
    "alpha_two_code": "NG",
    "country": "Nigeria",
    "web_pages": [
      "http://www.kwararafauniversity.edu.ng/"
    ],
    "state-province": null,
    "domains": [
      "kwararafauniversity.edu.ng"
    ]
  },
  {
    "name": "Kwara State University",
    "alpha_two_code": "NG",
    "country": "Nigeria",
    "web_pages": [
      "http://www.kwasu.edu.ng/"
    ],
    "state-province": null,
    "domains": [
      "kwasu.edu.ng"
    ]
  },
  {
    "name": "Lagos State Polytechnic",
    "alpha_two_code": "NG",
    "country": "Nigeria",
    "web_pages": [
      "http://www.laspotech.net/"
    ],
    "state-province": null,
    "domains": [
      "laspotech.net"
    ]
  },
  {
    "name": "Lagos State University",
    "alpha_two_code": "NG",
    "country": "Nigeria",
    "web_pages": [
      "http://www.lasunigeria.org/"
    ],
    "state-province": null,
    "domains": [
      "lasunigeria.org"
    ]
  },
  {
    "name": "Ladoke Akintola University of Technology",
    "alpha_two_code": "NG",
    "country": "Nigeria",
    "web_pages": [
      "http://www.lautech.edu.ng/"
    ],
    "state-province": null,
    "domains": [
      "lautech.edu.ng"
    ]
  },
  {
    "name": "Lead City University of Ibadan",
    "alpha_two_code": "NG",
    "country": "Nigeria",
    "web_pages": [
      "http://www.lcu.edu.ng/"
    ],
    "state-province": null,
    "domains": [
      "lcu.edu.ng"
    ]
  },
  {
    "name": "Landmark University",
    "alpha_two_code": "NG",
    "country": "Nigeria",
    "web_pages": [
      "http://www.lmu.edu.ng/"
    ],
    "state-province": null,
    "domains": [
      "lmu.edu.ng"
    ]
  },
  {
    "name": "Madonna University",
    "alpha_two_code": "NG",
    "country": "Nigeria",
    "web_pages": [
      "http://www.madonnauniversity.edu.ng/"
    ],
    "state-province": null,
    "domains": [
      "madonnauniversity.edu.ng"
    ]
  },
  {
    "name": "Michael Okpara University of Agriculture",
    "alpha_two_code": "NG",
    "country": "Nigeria",
    "web_pages": [
      "http://www.mouau.edu.ng/"
    ],
    "state-province": null,
    "domains": [
      "mouau.edu.ng"
    ]
  },
  {
    "name": "Lagos City Polytechnic",
    "alpha_two_code": "NG",
    "country": "Nigeria",
    "web_pages": [
      "http://www.mylcp.net/"
    ],
    "state-province": null,
    "domains": [
      "mylcp.net"
    ]
  },
  {
    "name": "Nigerian Defence Academy",
    "alpha_two_code": "NG",
    "country": "Nigeria",
    "web_pages": [
      "http://www.nda.edu.ng/"
    ],
    "state-province": null,
    "domains": [
      "nda.edu.ng"
    ]
  },
  {
    "name": "Niger Delta University",
    "alpha_two_code": "NG",
    "country": "Nigeria",
    "web_pages": [
      "http://www.ndu.edu.ng/"
    ],
    "state-province": null,
    "domains": [
      "ndu.edu.ng"
    ]
  },
  {
    "name": "National Open University of Nigeria",
    "alpha_two_code": "NG",
    "country": "Nigeria",
    "web_pages": [
      "http://www.nou.edu.ng/"
    ],
    "state-province": null,
    "domains": [
      "nou.edu.ng"
    ]
  },
  {
    "name": "Novena University",
    "alpha_two_code": "NG",
    "country": "Nigeria",
    "web_pages": [
      "http://www.novenauniversity.edu.ng/"
    ],
    "state-province": null,
    "domains": [
      "novenauniversity.edu.ng"
    ]
  },
  {
    "name": "Nasarawa State University Keffi",
    "alpha_two_code": "NG",
    "country": "Nigeria",
    "web_pages": [
      "http://www.nsuk.edu.ng/"
    ],
    "state-province": null,
    "domains": [
      "nsuk.edu.ng"
    ]
  },
  {
    "name": "Nigerian Turkish Nile University",
    "alpha_two_code": "NG",
    "country": "Nigeria",
    "web_pages": [
      "http://www.ntnu.edu.ng/"
    ],
    "state-province": null,
    "domains": [
      "ntnu.edu.ng"
    ]
  },
  {
    "name": "Obafemi Awolowo University Ile-Ife",
    "alpha_two_code": "NG",
    "country": "Nigeria",
    "web_pages": [
      "http://www.oauife.edu.ng/"
    ],
    "state-province": null,
    "domains": [
      "oauife.edu.ng"
    ]
  },
  {
    "name": "Obong University",
    "alpha_two_code": "NG",
    "country": "Nigeria",
    "web_pages": [
      "http://www.obonguniversity.net/"
    ],
    "state-province": null,
    "domains": [
      "obonguniversity.net"
    ]
  },
  {
    "name": "Oduduwa University",
    "alpha_two_code": "NG",
    "country": "Nigeria",
    "web_pages": [
      "http://www.oduduwauniversity.edu.ng/"
    ],
    "state-province": null,
    "domains": [
      "oduduwauniversity.edu.ng"
    ]
  },
  {
    "name": "Olabisi Onabanjo University",
    "alpha_two_code": "NG",
    "country": "Nigeria",
    "web_pages": [
      "http://www.oouagoiwoye.edu.ng/"
    ],
    "state-province": null,
    "domains": [
      "oouagoiwoye.edu.ng"
    ]
  },
  {
    "name": "Ondo State University of Science and Technology",
    "alpha_two_code": "NG",
    "country": "Nigeria",
    "web_pages": [
      "http://www.osustech.edu.ng/"
    ],
    "state-province": null,
    "domains": [
      "osustech.edu.ng"
    ]
  },
  {
    "name": "Pan-African University",
    "alpha_two_code": "NG",
    "country": "Nigeria",
    "web_pages": [
      "http://www.pau.edu.ng/"
    ],
    "state-province": null,
    "domains": [
      "pau.edu.ng"
    ]
  },
  {
    "name": "Paul University",
    "alpha_two_code": "NG",
    "country": "Nigeria",
    "web_pages": [
      "http://www.pauluniversity.edu.ng/"
    ],
    "state-province": null,
    "domains": [
      "pauluniversity.edu.ng"
    ]
  },
  {
    "name": "Polytechnic Ibadan",
    "alpha_two_code": "NG",
    "country": "Nigeria",
    "web_pages": [
      "http://www.polyibadan.edu.ng/"
    ],
    "state-province": null,
    "domains": [
      "polyibadan.edu.ng"
    ]
  },
  {
    "name": "Akanu Ibiam Federal Polytechnic, Unwana",
    "alpha_two_code": "NG",
    "country": "Nigeria",
    "web_pages": [
      "http://www.polyunwana.net/"
    ],
    "state-province": null,
    "domains": [
      "polyunwana.net"
    ]
  },
  {
    "name": "Renaissance University",
    "alpha_two_code": "NG",
    "country": "Nigeria",
    "web_pages": [
      "http://www.rnu.edu.ng/"
    ],
    "state-province": null,
    "domains": [
      "rnu.edu.ng"
    ]
  },
  {
    "name": "Redeemers University",
    "alpha_two_code": "NG",
    "country": "Nigeria",
    "web_pages": [
      "http://www.run.edu.ng/"
    ],
    "state-province": null,
    "domains": [
      "run.edu.ng"
    ]
  },
  {
    "name": "Salem University",
    "alpha_two_code": "NG",
    "country": "Nigeria",
    "web_pages": [
      "http://www.salemuniversity.edu.ng/"
    ],
    "state-province": null,
    "domains": [
      "salemuniversity.edu.ng"
    ]
  },
  {
    "name": "Sokoto State University",
    "alpha_two_code": "NG",
    "country": "Nigeria",
    "web_pages": [
      "http://www.ssu.edu.ng/"
    ],
    "state-province": null,
    "domains": [
      "ssu.edu.ng"
    ]
  },
  {
    "name": "Tansian University",
    "alpha_two_code": "NG",
    "country": "Nigeria",
    "web_pages": [
      "http://www.tansianuniversity.edu.ng/"
    ],
    "state-province": null,
    "domains": [
      "tansianuniversity.edu.ng"
    ]
  },
  {
    "name": "Tai Solarin University of Education",
    "alpha_two_code": "NG",
    "country": "Nigeria",
    "web_pages": [
      "http://www.tasued.edu.ng/"
    ],
    "state-province": null,
    "domains": [
      "tasued.edu.ng"
    ]
  },
  {
    "name": "Taraba State University",
    "alpha_two_code": "NG",
    "country": "Nigeria",
    "web_pages": [
      "http://www.tsuniversity.edu.ng/"
    ],
    "state-province": null,
    "domains": [
      "tsuniversity.edu.ng"
    ]
  },
  {
    "name": "University of Agriculture Makurdi",
    "alpha_two_code": "NG",
    "country": "Nigeria",
    "web_pages": [
      "http://www.uam.edu.ng/"
    ],
    "state-province": null,
    "domains": [
      "uam.edu.ng"
    ]
  },
  {
    "name": "Usmanu Danfodiyo University Sokoto",
    "alpha_two_code": "NG",
    "country": "Nigeria",
    "web_pages": [
      "http://www.udusok.edu.ng/"
    ],
    "state-province": null,
    "domains": [
      "udusok.edu.ng"
    ]
  },
  {
    "name": "University of Ibadan",
    "alpha_two_code": "NG",
    "country": "Nigeria",
    "web_pages": [
      "http://www.ui.edu.ng/"
    ],
    "state-province": null,
    "domains": [
      "ui.edu.ng"
    ]
  },
  {
    "name": "Umaru Musa Yar'Adua University",
    "alpha_two_code": "NG",
    "country": "Nigeria",
    "web_pages": [
      "http://www.umyu.edu.ng/"
    ],
    "state-province": null,
    "domains": [
      "umyu.edu.ng"
    ]
  },
  {
    "name": "University of Agriculture Abeokuta",
    "alpha_two_code": "NG",
    "country": "Nigeria",
    "web_pages": [
      "http://www.unaab.edu.ng/"
    ],
    "state-province": null,
    "domains": [
      "unaab.edu.ng"
    ]
  },
  {
    "name": "University of Benin",
    "alpha_two_code": "NG",
    "country": "Nigeria",
    "web_pages": [
      "http://www.uniben.edu/"
    ],
    "state-province": null,
    "domains": [
      "uniben.edu"
    ]
  },
  {
    "name": "University of Abuja",
    "alpha_two_code": "NG",
    "country": "Nigeria",
    "web_pages": [
      "http://www.unibuja.edu.ng/"
    ],
    "state-province": null,
    "domains": [
      "unibuja.edu.ng"
    ]
  },
  {
    "name": "University of Calabar",
    "alpha_two_code": "NG",
    "country": "Nigeria",
    "web_pages": [
      "http://www.unical.edu.ng/"
    ],
    "state-province": null,
    "domains": [
      "unical.edu.ng"
    ]
  },
  {
    "name": "University of Jos",
    "alpha_two_code": "NG",
    "country": "Nigeria",
    "web_pages": [
      "http://www.unijos.edu.ng/"
    ],
    "state-province": null,
    "domains": [
      "unijos.edu.ng"
    ]
  },
  {
    "name": "University of Lagos",
    "alpha_two_code": "NG",
    "country": "Nigeria",
    "web_pages": [
      "http://www.unilag.edu.ng/"
    ],
    "state-province": null,
    "domains": [
      "unilag.edu.ng"
    ]
  },
  {
    "name": "University of Ilorin",
    "alpha_two_code": "NG",
    "country": "Nigeria",
    "web_pages": [
      "http://www.unilorin.edu.ng/"
    ],
    "state-province": null,
    "domains": [
      "unilorin.edu.ng"
    ]
  },
  {
    "name": "University of Maiduguri",
    "alpha_two_code": "NG",
    "country": "Nigeria",
    "web_pages": [
      "http://www.unimaid.edu.ng/"
    ],
    "state-province": null,
    "domains": [
      "unimaid.edu.ng"
    ]
  },
  {
    "name": "University of Mkar",
    "alpha_two_code": "NG",
    "country": "Nigeria",
    "web_pages": [
      "http://www.unimkar.edu.ng/"
    ],
    "state-province": null,
    "domains": [
      "unimkar.edu.ng"
    ]
  },
  {
    "name": "Osun State University",
    "alpha_two_code": "NG",
    "country": "Nigeria",
    "web_pages": [
      "http://www.uniosun.edu.ng/"
    ],
    "state-province": null,
    "domains": [
      "uniosun.edu.ng"
    ]
  },
  {
    "name": "University of Portharcourt",
    "alpha_two_code": "NG",
    "country": "Nigeria",
    "web_pages": [
      "http://www.uniport.edu.ng/"
    ],
    "state-province": null,
    "domains": [
      "uniport.edu.ng"
    ]
  },
  {
    "name": "University of Uyo",
    "alpha_two_code": "NG",
    "country": "Nigeria",
    "web_pages": [
      "http://www.uniuyo.edu.ng/"
    ],
    "state-province": null,
    "domains": [
      "uniuyo.edu.ng"
    ]
  },
  {
    "name": "Nnamdi Azikiwe University",
    "alpha_two_code": "NG",
    "country": "Nigeria",
    "web_pages": [
      "http://www.unizik.edu.ng/"
    ],
    "state-province": null,
    "domains": [
      "unizik.edu.ng"
    ]
  },
  {
    "name": "University of Nigeria",
    "alpha_two_code": "NG",
    "country": "Nigeria",
    "web_pages": [
      "http://www.unn.edu.ng/"
    ],
    "state-province": null,
    "domains": [
      "unn.edu.ng"
    ]
  },
  {
    "name": "Rivers State University of Science and Technology",
    "alpha_two_code": "NG",
    "country": "Nigeria",
    "web_pages": [
      "http://www.ust.edu.ng/"
    ],
    "state-province": null,
    "domains": [
      "ust.edu.ng"
    ]
  },
  {
    "name": "Veritas University",
    "alpha_two_code": "NG",
    "country": "Nigeria",
    "web_pages": [
      "http://www.veritas.edu.ng/"
    ],
    "state-province": null,
    "domains": [
      "veritas.edu.ng"
    ]
  },
  {
    "name": "Western Delta University",
    "alpha_two_code": "NG",
    "country": "Nigeria",
    "web_pages": [
      "http://www.wdu.edu.ng/"
    ],
    "state-province": null,
    "domains": [
      "wdu.edu.ng"
    ]
  },
  {
    "name": "Wellspring University",
    "alpha_two_code": "NG",
    "country": "Nigeria",
    "web_pages": [
      "http://www.wellspringuniversity.edu.ng/"
    ],
    "state-province": null,
    "domains": [
      "wellspringuniversity.edu.ng"
    ]
  },
  {
    "name": "Wesley University of Science and Technology",
    "alpha_two_code": "NG",
    "country": "Nigeria",
    "web_pages": [
      "http://www.wustoportal.edu.ng/"
    ],
    "state-province": null,
    "domains": [
      "wustoportal.edu.ng"
    ]
  },
  {
    "name": "Yaba College of Technology",
    "alpha_two_code": "NG",
    "country": "Nigeria",
    "web_pages": [
      "http://www.yabatech.edu.ng/"
    ],
    "state-province": null,
    "domains": [
      "yabatech.edu.ng"
    ]
  },
  {
    "name": "Miva Open University",
    "alpha_two_code": "NG",
    "country": "Nigeria",
    "domains": [
      "miva.university"
    ],
    "state-province": null,
    "web_pages": [
      "https://miva.university/"
    ]
  }
]